{
  "name": "cek-firstmedia",
  "title": "First Media",
  "description": "Memeriksa detail tagihan internet First Media berdasarkan ID Pelanggan.",
  "method": "POST",
  "path": "/api/cek-firstmedia",
  "parameters": [
    {
      "type": "text",
      "name": "customer_id",
      "label": "ID Pelanggan First Media",
      "placeholder": "Contoh: 9754378464848"
    }
  ],
  "response": {
    "success": true,
    "content_details": {
      "top": [
        [
          "Status",
          "Transaksi Berhasil"
        ],
        [
          "ID Transaksi",
          123456789
        ],
        [
          "Tanggal",
          "25/06/2025 23:00"
        ],
        [
          "Kategori",
          "Internet First Media"
        ]
      ],
      "body": {
        "Rincian Transaksi": [
          [
            "ID Pelanggan",
            "9754378464848"
          ],
          [
            "Nama Pelanggan",
            "NAMA PELANGGAN"
          ],
          [
            "Total Tagihan",
            "Rp 450.000"
          ]
        ]
      }
    },
    "selling_status": "lunas"
  },
  "curl": "curl -X POST https://bovalone.me/api/cek-firstmedia \\\n  -H \"Authorization: Bearer YOUR_API_KEY\" \\\n  -H \"Content-Type: application/json\" \\\n  -d '{\"customer_id\":\"9754378464848\"}'",
  "category": "Tagihan Internet"
}