{
  "name": "cek-pascabayar",
  "title": "Check Tlpn & TV Pascabayar",
  "description": "Melakukan pengecekan tagihan telepon pascabayar berdasarkan nomor pelanggan.",
  "method": "POST",
  "path": "/api/cek-pascabayar",
  "has_product_dropdown": true,
  "parameters": [
    {
      "type": "text",
      "name": "target_number",
      "label": "Nomor Telepon Pascabayar",
      "placeholder": "Contoh: 0818123456"
    },
    {
      "type": "select",
      "name": "voucher_id",
      "label": "Penyedia Layanan",
      "placeholder": "Pilih provider pascabayar"
    }
  ],
  "response": {
    "success": true,
    "status": "Sukses",
    "message": "Tagihan ditemukan.",
    "transaction_details": {
      "customer_name": "Budi Santoso",
      "period": "Juli 2025",
      "total_payment": "Rp 150.000"
    }
  },
  "curl": "curl -X POST https://bovalone.me/api/cek-pascabayar \\\n  -H \"Authorization: Bearer YOUR_API_KEY\" \\\n  -H \"Content-Type: application/json\" \\\n  -d '{\"target_number\":\"0818123456\", \"voucher_id\":\"7001\"}'",
  "category": "Pembayaran Tagihan"
}