{
  "name": "cek-cbn",
  "title": "Internet CBN",
  "description": "Memeriksa detail tagihan internet CBN berdasarkan ID Pelanggan.",
  "method": "POST",
  "path": "/api/cek-cbn",
  "parameters": [
    {
      "type": "text",
      "name": "customer_id",
      "label": "ID Pelanggan CBN",
      "placeholder": "Contoh: 123456789"
    }
  ],
  "response": {
    "success": true,
    "content_details": {
      "top": [
        [
          "Status",
          "Transaksi Berhasil"
        ],
        [
          "ID Transaksi",
          123456789
        ],
        [
          "Tanggal",
          "26/06/2025 00:30"
        ],
        [
          "Kategori",
          "CBN"
        ]
      ],
      "body": {
        "Rincian Transaksi": [
          [
            "ID Pelanggan",
            "123456789"
          ],
          [
            "Nama Pelanggan",
            "NAMA PELANGGAN"
          ],
          [
            "Total Tagihan",
            "Rp 300.000"
          ]
        ]
      }
    },
    "selling_status": "lunas"
  },
  "curl": "curl -X POST https://bovalone.me/api/cek-cbn \\\n  -H \"Authorization: Bearer YOUR_API_KEY\" \\\n  -H \"Content-Type: application/json\" \\\n  -d '{\"customer_id\":\"123456789\"}'",
  "category": "Tagihan Internet"
}