{
  "name": "cek-indihome",
  "title": "IndiHome",
  "description": "Memeriksa detail tagihan internet IndiHome berdasarkan ID Pelanggan / Nomor Telepon.",
  "method": "POST",
  "path": "/api/cek-indihome",
  "parameters": [
    {
      "type": "text",
      "name": "customer_id",
      "label": "ID Pelanggan IndiHome",
      "placeholder": "Contoh: 54216134846"
    }
  ],
  "response": {
    "success": true,
    "content_details": {
      "top": [
        [
          "Status",
          "Transaksi Berhasil"
        ],
        [
          "ID Transaksi",
          123456789
        ],
        [
          "Tanggal",
          "25/06/2025 23:30"
        ],
        [
          "Kategori",
          "Telkom IndiHome"
        ]
      ],
      "body": {
        "Rincian Transaksi": [
          [
            "ID Pelanggan",
            "54216134846"
          ],
          [
            "Nama Pelanggan",
            "NAMA PELANGGAN"
          ],
          [
            "Total Tagihan",
            "Rp 350.000"
          ]
        ]
      }
    },
    "selling_status": "lunas"
  },
  "curl": "curl -X POST https://bovalone.me/api/cek-indihome \\\n  -H \"Authorization: Bearer YOUR_API_KEY\" \\\n  -H \"Content-Type: application/json\" \\\n  -d '{\"customer_id\":\"54216134846\"}'",
  "category": "Tagihan Internet"
}