{
  "name": "cek-denda-bpjs",
  "title": "Denda BPJS Kesehatan",
  "description": "Memeriksa detail denda BPJS Kesehatan berdasarkan Nomor VA Keluarga.",
  "method": "POST",
  "path": "/api/cek-denda-bpjs",
  "parameters": [
    {
      "type": "text",
      "name": "customer_id",
      "label": "Nomor VA Keluarga",
      "placeholder": "Contoh: 8888801234567890"
    }
  ],
  "response": {
    "success": true,
    "content_details": {
      "top": [
        [
          "Status",
          "Transaksi Berhasil"
        ],
        [
          "ID Transaksi",
          123456789
        ],
        [
          "Tanggal",
          "26/06/2025 02:00"
        ],
        [
          "Kategori",
          "BPJS Denda"
        ]
      ],
      "body": {
        "Rincian Transaksi": [
          [
            "ID Pelanggan",
            "8888801234567890"
          ],
          [
            "Nama Pelanggan",
            "NAMA KEPALA KELUARGA"
          ],
          [
            "Total Denda",
            "Rp 50.000"
          ]
        ]
      }
    },
    "selling_status": "lunas"
  },
  "curl": "curl -X POST https://bovalone.me/api/cek-denda-bpjs \\\n  -H \"Authorization: Bearer YOUR_API_KEY\" \\\n  -H \"Content-Type: application/json\" \\\n  -d '{\"customer_id\":\"8888801234567890\"}'",
  "category": "Pembayaran BPJS"
}