{
  "name": "check-lol",
  "title": "League of Legends: Wild Rift",
  "description": "Memeriksa nama/nickname pemain League of Legends: Wild Rift berdasarkan Riot ID.",
  "method": "POST",
  "path": "/api/check-lol",
  "parameters": [
    {
      "type": "text",
      "name": "user_id",
      "label": "Riot ID",
      "placeholder": "Masukkan Riot ID (contoh: Nama#TAG)"
    }
  ],
  "response": {
    "success": true,
    "data": {
      "username": "NAMA_PEMAIN_LOL"
    },
    "message": "success"
  },
  "curl": "curl -X POST https://bovalone.me/api/check-lol \\\n  -H \"Authorization: Bearer YOUR_API_KEY\" \\\n  -H \"Content-Type: application/json\" \\\n  -d '{\"user_id\":\"Nama#TAG\"}'",
  "category": "Gaming"
}