{
  "name": "check-mlv2",
  "title": "Mobile Legends (v2)",
  "description": "Memeriksa nama/nickname pemain Mobile Legends berdasarkan User ID dan Zone ID menggunakan API Okeconnect.",
  "method": "POST",
  "path": "/api/check-mlv2",
  "parameters": [
    {
      "type": "text",
      "name": "user_id",
      "label": "User ID",
      "placeholder": "Masukkan User ID Mobile Legends"
    },
    {
      "type": "text",
      "name": "additional_id",
      "label": "Zone ID",
      "placeholder": "Masukkan Zone ID"
    }
  ],
  "response": {
    "success": true,
    "data": {
      "username": "NAMA_PEMAIN_ML"
    },
    "message": "success"
  },
  "curl": "curl -X POST https://bovalone.me/api/check-mlv2 \\\n  -H \"Authorization: Bearer YOUR_API_KEY\" \\\n  -H \"Content-Type: application/json\" \\\n  -d '{\"user_id\":\"12345678\", \"additional_id\":\"9123\"}'",
  "category": "Gaming"
}