{
  "name": "check-ml",
  "title": "Mobile Legends (ML)",
  "description": "Memeriksa dan mengambil nama/nickname pemain Mobile Legends. User ID dan Zone ID harus digabungkan langsung tanpa spasi atau karakter lainnya.",
  "method": "POST",
  "path": "/api/check-ml",
  "parameters": [
    {
      "type": "text",
      "name": "user_id",
      "label": "User ID + Zone ID Mobile Legends",
      "placeholder": "Contoh: 123456789123"
    }
  ],
  "response": {
    "customerName": "Matic-API",
    "success": true
  },
  "curl": "curl -X POST https://bovalone.me/api/check-ml \\\n  -H \"Authorization: Bearer YOUR_API_KEY\" \\\n  -H \"Content-Type: application/json\" \\\n  -d '{\"user_id\":\"123456789123\"}'",
  "category": "Gaming",
  "hidden": false
}