{
  "name": "check-ff",
  "title": "Free Fire (FF)",
  "description": "Memeriksa dan mengambil nama/nickname pemain Free Fire berdasarkan User ID.",
  "method": "POST",
  "path": "/api/check-ff",
  "parameters": [
    {
      "type": "text",
      "name": "user_id",
      "label": "User ID Free Fire",
      "placeholder": "Contoh: 123456789"
    }
  ],
  "response": {
    "status": "success",
    "customerName": "NAMA_PEMAIN",
    "success": true
  },
  "curl": "curl -X POST https://bovalone.me/api/check-ff \\\n  -H \"Authorization: Bearer YOUR_API_KEY\" \\\n  -H \"Content-Type: application/json\" \\\n  -d '{\"user_id\":\"123456789\"}'",
  "category": "Gaming"
}