{
  "name": "check-grab-penumpang",
  "title": "Check Name Grab",
  "description": "Memeriksa dan mengambil nama pemilik akun Grab (Penumpang) berdasarkan nomor telepon.",
  "method": "POST",
  "path": "/api/check-grab-penumpang",
  "parameters": [
    {
      "type": "text",
      "name": "phone_number",
      "label": "Nomor Telepon Grab",
      "placeholder": "Contoh: 081234567890"
    }
  ],
  "response": {
    "name": "NAMA PEMILIK GRAB",
    "id": "grab_penumpang",
    "customerId": "081234567890"
  },
  "curl": "curl -X POST https://bovalone.me/api/check-grab-penumpang \\\n  -H \"Authorization: Bearer YOUR_API_KEY\" \\\n  -H \"Content-Type: application/json\" \\\n  -d '{\"phone_number\":\"081234567890\"}'",
  "category": "E-Wallet",
  "hidden": true
}