{
  "name": "deposit-qris",
  "title": "TopUp Via QRIS ",
  "description": "Membuat permintaan deposit baru menggunakan metode pembayaran QRIS dan minimal 25RB.",
  "method": "POST",
  "path": "/api/deposit-qris",
  "parameters": [
    {
      "type": "text",
      "name": "auth_token",
      "label": "Auth Token",
      "placeholder": "Token dari API OrderKuota"
    },
    {
      "type": "text",
      "name": "auth_username",
      "label": "Auth Username",
      "placeholder": "Username dari API OrderKuota"
    },
    {
      "type": "number",
      "name": "amount",
      "label": "Jumlah Deposit",
      "placeholder": "Contoh: 25000"
    }
  ],
  "response": {
    "success": true,
    "qrcode_url": "https://qris.orderkuota.com/qrnb/...",
    "full_response": {
      "success": true,
      "status": true,
      "results": {
        "id": 60446927,
        "jumlah": 10000,
        "qrcode_url": "https://qris.orderkuota.com/qrnb/20250628/2476730-60446927-3248cd48a92d0ad32222.png"
      }
    }
  },
  "curl": "curl -X POST https://bovalone.me/api/deposit-qris \\\n  -H \"Authorization: Bearer YOUR_API_KEY\" \\\n  -H \"Content-Type: application/json\" \\\n  -d '{\"auth_token\":\"USER_TOKEN\",\"auth_username\":\"USER_USERNAME\",\"amount\":\"10000\"}'",
  "category": "Order Kuota"
}