{
  "name": "get-genflix-products",
  "title": "Get Genflix Products",
  "description": "Mengambil daftar produk streaming Genflix yang tersedia.",
  "method": "POST",
  "path": "/api/get-genflix-products",
  "hidden": true,
  "parameters": [
    {
      "type": "text",
      "name": "auth_token",
      "label": "Auth Token"
    },
    {
      "type": "text",
      "name": "auth_username",
      "label": "Auth Username"
    }
  ],
  "response": {
    "success": true,
    "vouchers": {
      "results": []
    }
  },
  "curl": "curl -X POST https://bovalone.me/api/get-genflix-products \\\n  -H \"Authorization: Bearer {API_KEY}\" \\\n  -H \"Content-Type: application/json\" \\\n  -d '{\"auth_token\":\"...\", \"auth_username\":\"...\"}'",
  "category": "OrderKuota [ Digital Order ]"
}