{
  "name": "get-byu-products",
  "title": "Get by.U Products",
  "description": "Mengambil daftar produk paket data by.U yang tersedia dari API OrderKuota.",
  "method": "POST",
  "path": "/api/get-byu-products",
  "hidden": true,
  "parameters": [
    {
      "type": "text",
      "name": "auth_token",
      "label": "Auth Token"
    },
    {
      "type": "text",
      "name": "auth_username",
      "label": "Auth Username"
    }
  ],
  "response": {
    "success": true,
    "vouchers": {
      "results": [
        {
          "id": "5001",
          "name": "by.U 1.5GB 1 Hari",
          "price": 5000,
          "price_str": "Rp 5.000"
        }
      ]
    }
  },
  "category": "Order Kuota"
}
