{
  "name": "get-pulsatransfer-products",
  "title": "Get PasarKuota Pulsa Transfer Products",
  "description": "Mengambil daftar produk pulsa transfer dari PasarKuota.",
  "method": "POST",
  "path": "/api/get-pulsatransfer-products",
  "hidden": true,
  "parameters": [
    {
      "type": "text",
      "name": "auth_token",
      "label": "Auth Token"
    },
    {
      "type": "text",
      "name": "auth_username",
      "label": "Auth Username"
    }
  ],
  "response": { "success": true, "vouchers": { "results": [] } },
  "curl": "curl -X POST https://bovalone.me/api/get-pulsatransfer-products \\\n  -H \"Authorization: Bearer {API_KEY}\" \\\n  -H \"Content-Type: application/json\" \\\n  -d '{\"auth_token\":\"...\", \"auth_username\":\"...\"}'",
  "category": "Pasar Kuota"
}
