{
  "name": "get-pembelianedc-products",
  "title": "Get EDC Mini ATM Products",
  "description": "Mengambil daftar produk EDC Mini ATM yang tersedia.",
  "method": "POST",
  "path": "/api/get-pembelianedc-products",
  "hidden": true,
  "parameters": [
    { "type": "text", "name": "auth_token", "label": "Auth Token" },
    { "type": "text", "name": "auth_username", "label": "Auth Username" }
  ],
  "response": { "success": true, "vouchers": { "results": [] } },
  "curl": "curl -X POST https://bovalone.me/api/get-pembelianedc-products \\\n  -H \"Authorization: Bearer {API_KEY}\" \\\n  -H \"Content-Type: application/json\" \\\n  -d '{\"auth_token\":\"...\", \"auth_username\":\"...\"}'",
  "category": "OrderKuota [ Digital Order ]"
}
