{
  "name": "get-pointblankvcr-products",
  "title": "Get Voucher Point Blank Products",
  "description": "Mengambil daftar produk untuk Voucher Point Blank.",
  "method": "POST",
  "path": "/api/get-pointblankvcr-products",
  "hidden": true,
  "parameters": [
    { "type": "text", "name": "auth_token", "label": "Auth Token" },
    { "type": "text", "name": "auth_username", "label": "Auth Username" }
  ],
  "response": { "success": true, "vouchers": { "results": [] } },
  "curl": "curl -X POST https://bovalone.me/api/get-pointblankvcr-products \\n  -H \"Authorization: Bearer {API_KEY}\" \\n  -H \"Content-Type: application/json\" \\n  -d '{\"auth_token\":\"...\", \"auth_username\":\"...\"}'",
  "category": "OrderKuota [ Digital Order ]"
}