{
  "title": "Leet Speak Converter",
  "description": "Mengonversi teks biasa ke Leet Speak (1337) atau sebaliknya. Masukkan 'text' untuk encode, atau 'leet_text' untuk decode. Jangan isi keduanya.",
  "method": "POST",
  "path": "/api/leet",
  "parameters": [
    {
      "type": "textarea",
      "name": "text",
      "label": "Text to Encode",
      "placeholder": "Hello World"
    },
    {
      "type": "textarea",
      "name": "leet_text",
      "label": "Leet Speak to Decode",
      "placeholder": "H3110 W0r1d"
    },
    {
      "type": "text",
      "name": "strictness",
      "label": "Strictness (Encode only)",
      "placeholder": "medium"
    }
  ],
  "response": {
    "success": true,
    "operation": "encode",
    "original_text": "Hello World",
    "leet_text": "H3110 W0r1d"
  },
  "curl": "curl -X POST \\\n  -H \"Content-Type: application/json\" \\\n  -H \"Authorization: Bearer YOUR_ACCESS_TOKEN\" \\\n  'https://bovalone.me/api/leet' \\\n  -d '{\"text\": \"Hello World\", \"strictness\": \"medium\"}'",
  "category": "Tools"
}