{
  "title": "Meta 4 Maverick",
  "description": "Send a prompt to the LLaMA 4 Maverick model. It supports an optional session.",
  "method": "POST",
  "path": "/api/llama",
  "response": {
    "session": "default",
    "response": "Artificial intelligence is a field of computer science focused on creating systems that can perform tasks that typically require human intelligence."
  },
  "curl": "curl -X POST \\\n  -H \"Content-Type: application/json\" \\\n  -H \"Authorization: Bearer YOUR_ACCESS_TOKEN\" \\\n  'https://bovalone.me/api/llama' \\\n  -d '{\"prompt\": \"What is artificial intelligence?\"}'",
  "parameters": [
    {
      "type": "text",
      "name": "prompt",
      "label": "Prompt",
      "placeholder": "Enter prompt..."
    },
    {
      "type": "text",
      "name": "session",
      "label": "Session (Optional)",
      "placeholder": "Session ID"
    }
  ],
  "category": "Artificial Intelligence"
}