{
  "name": "order-doku",
  "title": "Top Up Saldo Doku",
  "description": "Melakukan pengisian saldo Doku Wallet.",
  "method": "POST",
  "path": "/api/order-doku",
  "has_product_dropdown": true,
  "product_options": {
    "get_products_endpoint": "/api/get-doku-products",
    "group_by_static": "Saldo Doku",
    "sort_by": "price"
  },
  "parameters": [
    { "type": "text", "name": "auth_token", "label": "Auth Token", "placeholder": "Token dari API OrderKuota" },
    { "type": "text", "name": "auth_username", "label": "Auth Username", "placeholder": "Username dari API OrderKuota" },
    { "type": "text", "name": "target_number", "label": "ID Doku", "placeholder": "Masukkan ID Doku" },
    { "type": "select", "name": "voucher_id", "label": "Pilih Nominal" }
  ],
  "response": { "success": true, "status": "Sukses", "message": "Order sedang diproses." },
  "curl": "curl -X POST https://bovalone.me/api/order-doku \\n  -H \"Authorization: Bearer {API_KEY}\" \\n  -H \"Content-Type: application/json\" \\n  -d '{\"auth_token\":\"...\", \"auth_username\":\"...\", \"target_number\":\"...\", \"voucher_id\":\"10092\"}'",
  "category": "OrderKuota [ Digital Order ]"
}