{
  "name": "order-ewallet",
  "title": "E-Wallet",
  "description": "Melakukan pemesanan Saldo E-Wallet ke nomor tujuan.",
  "method": "POST",
  "path": "/api/order-ewallet",
  "has_product_dropdown": true,
  "product_options": {
    "get_products_endpoint": "/api/get-ewallet-products",
    "group_by": "provider.name",
    "sort_by": "price"
  },
  "parameters": [
    {
      "type": "text",
      "name": "auth_token",
      "label": "Auth Token",
      "placeholder": "Token dari API OrderKuota"
    },
    {
      "type": "text",
      "name": "auth_username",
      "label": "Auth Username",
      "placeholder": "Username dari API OrderKuota"
    },
    {
      "type": "text",
      "name": "target_number",
      "label": "Nomor Tujuan",
      "placeholder": "Nomor HP yang terdaftar di Gojek"
    },
    {
      "type": "select",
      "name": "voucher_id",
      "label": "Pilih Nominal",
      "placeholder": "Pilih produk Saldo E-Wallet"
    }
  ],
  "response": {},
  "curl": "curl -X POST https://bovalone.me/api/order-ewallet \\\n  -H \"Authorization: Bearer YOUR_API_KEY\" \\\n  -H \"Content-Type: application/json\" \\\n  -d '{\"auth_token\":\"USER_TOKEN\", \"auth_username\":\"USER_USERNAME\", \"target_number\":\"081234567890\", \"voucher_id\":\"123\"}'",
  "category": "Order Kuota"
}