{
  "name": "order-smartfren",
  "title": "Paket Data Smartfren",
  "description": "Melakukan pemesanan paket data Smartfren ke nomor tujuan.",
  "method": "POST",
  "path": "/api/order-smartfren",
  "has_product_dropdown": true,
  "product_options": {
    "get_products_endpoint": "/api/get-smartfren-products",
    "group_by": "provider.name",
    "sort_by": "price"
  },
  "parameters": [
    {
      "type": "text",
      "name": "auth_token",
      "label": "Auth Token",
      "placeholder": "Token dari API OrderKuota"
    },
    {
      "type": "text",
      "name": "auth_username",
      "label": "Auth Username",
      "placeholder": "Username dari API OrderKuota"
    },
    {
      "type": "text",
      "name": "target_number",
      "label": "Nomor Smartfren Tujuan",
      "placeholder": "088112345678"
    },
    {
      "type": "select",
      "name": "voucher_id",
      "label": "Pilih Paket Data Smartfren"
    }
  ],
  "response": {
    "success": true,
    "status": "Sukses",
    "message": "Order sedang diproses.",
    "transaction_details": {
      "transaction_id": 44556677,
      "target_number": "088112345678",
      "product_name": "SMARTFREN DATA 8GB",
      "price": "Rp 30.000",
      "date": "03/07/2025 03:15"
    }
  },
  "curl": "curl -X POST https://bovalone.me/api/order-smartfren \\\n  -H \"Content-Type: application/json\" \\\n  -d '{\"auth_token\":\"...\", \"auth_username\":\"...\", \"target_number\":\"088112345678\", \"voucher_id\":\"...\"}'",
  "category": "Order Kuota"
}