{
  "name": "order-omni",
  "title": "Telkomsel Combo Sakti Omni",
  "description": "Melakukan pemesanan paket Telkomsel Combo Sakti Omni.",
  "method": "POST",
  "path": "/api/order-omni",
  "has_product_dropdown": true,
  "product_options": {
    "get_products_endpoint": "/api/get-omni-products",
    "group_by_static": "Paket Omni",
    "sort_by": "price"
  },
  "parameters": [
    { "type": "text", "name": "auth_token", "label": "Auth Token", "placeholder": "Token dari API OrderKuota" },
    { "type": "text", "name": "auth_username", "label": "Auth Username", "placeholder": "Username dari API OrderKuota" },
    { "type": "text", "name": "target_number", "label": "ID Kode Bayar Pesanan", "placeholder": "Contoh: 748446214" },
    { "type": "select", "name": "voucher_id", "label": "Pilih Produk" }
  ],
  "response": { "success": true, "status": "Sukses", "message": "Order sedang diproses." },
  "curl": "curl -X POST https://bovalone.me/api/order-omni \\\n  -H \"Authorization: Bearer {API_KEY}\" \\\n  -H \"Content-Type: application/json\" \\\n  -d '{\"auth_token\":\"...\", \"auth_username\":\"...\", \"target_number\":\"...\", \"voucher_id\":\"5877\"}'",
  "category": "OrderKuota [ Digital Order ]"
}
