{
  "name": "order-googleplayus",
  "title": "Voucher Google Play (USD)",
  "description": "Membeli voucher Google Play Store region US.",
  "method": "POST",
  "path": "/api/order-googleplayus",
  "has_product_dropdown": true,
  "product_options": {
    "get_products_endpoint": "/api/get-googleplayus-products",
    "group_by_static": "Google Play Balance",
    "sort_by": "price"
  },
  "parameters": [
    { "type": "text", "name": "auth_token", "label": "Auth Token", "placeholder": "Token dari API OrderKuota" },
    { "type": "text", "name": "auth_username", "label": "Auth Username", "placeholder": "Username dari API OrderKuota" },
    { "type": "text", "name": "target_number", "label": "Nomor HP", "placeholder": "Masukkan Nomor HP" },
    { "type": "select", "name": "voucher_id", "label": "Pilih Nominal" }
  ],
  "response": { "success": true, "status": "Sukses", "message": "Order sedang diproses." },
  "curl": "curl -X POST https://bovalone.me/api/order-googleplayus \\n  -H \"Authorization: Bearer {API_KEY}\" \\n  -H \"Content-Type: application/json\" \\n  -d '{\"auth_token\":\"...\", \"auth_username\":\"...\", \"target_number\":\"...\", \"voucher_id\":\"1291\"}'",
  "category": "OrderKuota [ Digital Order ]"
}