{
  "name": "order-pembelianedc",
  "title": "Pembelian EDC Mini ATM",
  "description": "Melakukan pemesanan perangkat EDC Mini ATM.",
  "method": "POST",
  "path": "/api/order-pembelianedc",
  "has_product_dropdown": true,
  "product_options": {
    "get_products_endpoint": "/api/get-pembelianedc-products",
    "group_by_static": "Perangkat EDC",
    "sort_by": "price"
  },
  "parameters": [
    { "type": "text", "name": "auth_token", "label": "Auth Token", "placeholder": "Token dari API OrderKuota" },
    { "type": "text", "name": "auth_username", "label": "Auth Username", "placeholder": "Username dari API OrderKuota" },
    { "type": "text", "name": "target_number", "label": "Nomor HP Penerima", "placeholder": "08xxxxxxxxxx" },
    { "type": "select", "name": "voucher_id", "label": "Pilih Perangkat EDC" }
  ],
  "response": { "success": true, "status": "Sukses", "message": "Order sedang diproses." },
  "curl": "curl -X POST https://bovalone.me/api/order-pembelianedc \\\n  -H \"Authorization: Bearer {API_KEY}\" \\\n  -H \"Content-Type: application/json\" \\\n  -d '{\"auth_token\":\"...\", \"auth_username\":\"...\", \"target_number\":\"...\", \"voucher_id\":\"11747\"}'",
  "category": "OrderKuota [ Digital Order ]"
}
