{
  "name": "order-token",
  "title": "Token PLN & E-Toll",
  "description": "Melakukan pemesanan token listrik PLN ke ID Pelanggan dengan menggunakan voucher ID tertentu.",
  "method": "POST",
  "path": "/api/order-token",
  "has_product_dropdown": true,
  "product_options": {
    "get_products_endpoint": "/api/get-token-products",
    "group_by_static": "Token Listrik",
    "sort_by": "price"
  },
  "parameters": [
    {
      "type": "text",
      "name": "auth_token",
      "label": "Auth Token",
      "placeholder": "Token dari API OrderKuota"
    },
    {
      "type": "text",
      "name": "auth_username",
      "label": "Auth Username",
      "placeholder": "Username dari API OrderKuota"
    },
    {
      "type": "text",
      "name": "target_customer_id",
      "label": "ID Pelanggan PLN",
      "placeholder": "ID Pelanggan atau Nomor Meter PLN"
    },
    {
      "type": "select",
      "name": "voucher_id",
      "label": "Voucher ID",
      "placeholder": "Pilih produk token PLN"
    }
  ],
  "response": {
    "success": true,
    "status": true,
    "results": {
      "id": 987654321,
      "id_pelanggan": "12345678901",
      "harga_str": "Rp 20.500",
      "status": "Dalam Proses",
      "tanggal": "25/06/2025 16:30"
    }
  },
  "curl": "curl -X POST https://bovalone.me/api/order-token \\\n  -H \"Authorization: Bearer YOUR_API_KEY\" \\\n  -H \"Content-Type: application/json\" \\\n  -d '{\"auth_token\":\"USER_TOKEN\", \"auth_username\":\"USER_USERNAME\", \"target_customer_id\":\"12345678901\", \"voucher_id\":\"4010\"}'",
  "category": "Order Kuota"
}