{
  "name": "order-pulsa",
  "title": "Pulsa",
  "description": "Melakukan pemesanan pulsa reguler ke nomor tujuan dengan menggunakan voucher ID tertentu.",
  "method": "POST",
  "path": "/api/order-pulsa",
  "has_product_dropdown": true,
  "product_options": {
    "get_products_endpoint": "/api/get-pulsa-products",
    "group_by": "provider.name",
    "sort_by": "price"
  },
  "parameters": [
    {
      "type": "text",
      "name": "auth_token",
      "label": "Auth Token",
      "placeholder": "Token dari API OrderKuota"
    },
    {
      "type": "text",
      "name": "auth_username",
      "label": "Auth Username",
      "placeholder": "Username dari API OrderKuota"
    },
    {
      "type": "text",
      "name": "target_number",
      "label": "Nomor Tujuan",
      "placeholder": "Nomor HP yang akan diisi pulsa"
    },
    {
      "type": "select",
      "name": "voucher_id",
      "label": "Voucher ID",
      "placeholder": "Pilih produk pulsa"
    }
  ],
  "response": {
    "success": true,
    "status": true,
    "results": {
      "id": 123456789,
      "no_hp": "081234567890",
      "harga_str": "Rp 5.250",
      "status": "Dalam Proses",
      "tanggal": "25/06/2025 16:00"
    }
  },
  "curl": "curl -X POST https://bovalone.me/api/order-pulsa \\\n  -H \"Authorization: Bearer YOUR_API_KEY\" \\\n  -H \"Content-Type: application/json\" \\\n  -d '{\"auth_token\":\"USER_TOKEN\", \"auth_username\":\"USER_USERNAME\", \"target_number\":\"081234567890\", \"voucher_id\":\"101\"}'",
  "category": "Order Kuota"
}